STATE,COUNTY,MONTH,DAY,HOUR,MINUTE,VE_FORMS,PERSONS,PEDS,NHS,ROAD_FNC,ROUTE,SP_JUR,HARM_EV,MAN_COLL,REL_JUNC,REL_ROAD,TRAF_FLO,NO_LANES,SP_LIMIT,ALIGNMNT,PROFILE,PAVE_TYP,SUR_COND,TRA_CONT,T_CONT_F,HIT_RUN,LGT_COND,WEATHER,C_M_ZONE,NOT_HOUR,NOT_MIN,ARR_HOUR,ARR_MIN,HOSP_HR,HOSP_MN,SCH_BUS,CF1,CF2,CF3,FATALS,DAY_WEEK,DRUNK_DR,ST_CASE,CITY,MILEPT,YEAR,TWAY_ID,TWAY_ID2,RAIL,latitude,longitud
6,23,4,27,19,54,1,2,0,0,6,4,0,35,0,1,4,1,2,30,2,2,2,1,0,0,0,5,1,0,99,99,99,99,99,99,0,0,0,0,1,3,2,60960,0,0,2004,WEST END RD,99999999999999999999,0000000,40.889425,-124.0819806
6,37,4,27,17,11,2,4,0,0,4,4,0,12,5,2,1,1,2,55,1,1,2,1,20,3,0,1,1,0,99,99,99,99,99,99,0,0,0,0,2,3,0,61175,0,0,2004,90TH ST EAST,AVENUE H,0000000,34.719733333,-117.9696861